Inicio;Fin;Diferencia
5555;5670;115
5670;5671;1
5671;5672;1
5672;5673;1
5673;5674;1
5674;5678;4
5678;5679;1
5679;5680;1
5680;5681;1
5681;5682;1
5682;5683;1
5683;5684;1
5684;5687;3
5687;5689;2
5689;5690;1
5690;5691;1
5691;5692;1
5692;5693;1
5693;5694;1
5694;5697;3
5697;5698;1
5698;5701;3
5701;5702;1
5702;5703;1
5703;5704;1
5704;5706;2
5706;5708;2
5708;5709;1
5709;5710;1
5710;5712;2
5712;5713;1
5713;5714;1
5714;5716;2
5716;5718;2
5718;5719;1
5719;5720;1
5720;5721;1
5721;5723;2
5723;5724;1
5724;5726;2
5726;5728;2
5728;5729;1
5729;5730;1
5730;5731;1
5731;5732;1
5732;5734;2
5734;5736;2
5736;5738;2
5738;5739;1
5739;5740;1
5740;5741;1
5741;5742;1
5742;5743;1
5743;5746;3
5746;5748;2
5748;5749;1
5749;5760;11
5760;5761;1
5761;5762;1
5762;5763;1
5763;5764;1
5764;5768;4
5768;5769;1
5769;5780;11
5780;5781;1
5781;5782;1
5782;5783;1
5783;5784;1
5784;5786;2
5786;5789;3
5789;5790;1
5790;5791;1
5791;5792;1
5792;5793;1
5793;5794;1
5794;5796;2
5796;5798;2
5798;5801;3
5801;5802;1
5802;5803;1
5803;5804;1
5804;5806;2
5806;5807;1
5807;5809;2
5809;5810;1
5810;5812;2
5812;5813;1
5813;5814;1
5814;5816;2
5816;5817;1
5817;5819;2
5819;5820;1
5820;5821;1
5821;5823;2
5823;5824;1
5824;5826;2
5826;5827;1
5827;5829;2
5829;5830;1
5830;5831;1
5831;5832;1
5832;5834;2
5834;5836;2
5836;5837;1
5837;5839;2
5839;5840;1
5840;5841;1
5841;5842;1
5842;5843;1
5843;5846;3
5846;5847;1
5847;5849;2
5849;5860;11
5860;5861;1
5861;5862;1
5862;5863;1
5863;5864;1
5864;5867;3
5867;5869;2
5869;5870;1
5870;5871;1
5871;5872;1
5872;5873;1
5873;5874;1
5874;5876;2
5876;5879;3
5879;5890;11
5890;5891;1
5891;5892;1
5892;5893;1
5893;5894;1
5894;5896;2
5896;5897;1
5897;5901;4
5901;5902;1
5902;5903;1
5903;5904;1
5904;5906;2
5906;5907;1
5907;5908;1
5908;5910;2
5910;5912;2
5912;5913;1
5913;5914;1
5914;5916;2
5916;5917;1
5917;5918;1
5918;5920;2
5920;5921;1
5921;5923;2
5923;5924;1
5924;5926;2
5926;5927;1
5927;5928;1
5928;5930;2
5930;5931;1
5931;5932;1
5932;5934;2
5934;5936;2
5936;5937;1
5937;5938;1
5938;5940;2
5940;5941;1
5941;5942;1
5942;5943;1
5943;5946;3
5946;5947;1
5947;5948;1
5948;5960;12
5960;5961;1
5961;5962;1
5962;5963;1
5963;5964;1
5964;5967;3
5967;5968;1
5968;5970;2
5970;5971;1
5971;5972;1
5972;5973;1
5973;5974;1
5974;5976;2
5976;5978;2
5978;5980;2
5980;5981;1
5981;5982;1
5982;5983;1
5983;5984;1
5984;5986;2
5986;5987;1
5987;6012;25
6012;6013;1
6013;6014;1
6014;6015;1
6015;6017;2
6017;6018;1
6018;6019;1
6019;6021;2
6021;6023;2
6023;6024;1
6024;6025;1
6025;6027;2
6027;6028;1
6028;6029;1
6029;6031;2
6031;6032;1
6032;6034;2
6034;6035;1
6035;6037;2
6037;6038;1
6038;6039;1
6039;6041;2
6041;6042;1
6042;6043;1
6043;6045;2
6045;6047;2
6047;6048;1
6048;6049;1
6049;6051;2
6051;6052;1
6052;6053;1
6053;6054;1
6054;6057;3
6057;6058;1
6058;6059;1
6059;6071;12
6071;6072;1
6072;6073;1
6073;6074;1
6074;6075;1
6075;6078;3
6078;6079;1
6079;6081;2
6081;6082;1
6082;6083;1
6083;6084;1
6084;6085;1
6085;6087;2
6087;6089;2
6089;6091;2
6091;6092;1
6092;6093;1
6093;6094;1
6094;6095;1
6095;6097;2
6097;6098;1
6098;6102;4
6102;6103;1
6103;6104;1
6104;6105;1
6105;6107;2
6107;6108;1
6108;6109;1
6109;6120;11
6120;6123;3
6123;6124;1
6124;6125;1
6125;6127;2
6127;6128;1
6128;6129;1
6129;6130;1
6130;6132;2
6132;6134;2
6134;6135;1
6135;6137;2
6137;6138;1
6138;6139;1
6139;6140;1
6140;6142;2
6142;6143;1
6143;6145;2
6145;6147;2
6147;6148;1
6148;6149;1
6149;6150;1
6150;6152;2
6152;6153;1
6153;6154;1
6154;6157;3
6157;6158;1
6158;6159;1
6159;6170;11
6170;6172;2
6172;6173;1
6173;6174;1
6174;6175;1
6175;6178;3
6178;6179;1
6179;6180;1
6180;6182;2
6182;6183;1
6183;6184;1
6184;6185;1
6185;6187;2
6187;6189;2
6189;6190;1
6190;6192;2
6192;6193;1
6193;6194;1
6194;6195;1
6195;6197;2
6197;6198;1
6198;6201;3
6201;6203;2
6203;6204;1
6204;6205;1
6205;6207;2
6207;6208;1
6208;6209;1
6209;6210;1
6210;6213;3
6213;6214;1
6214;6215;1
6215;6217;2
6217;6218;1
6218;6219;1
6219;6230;11
6230;6231;1
6231;6234;3
6234;6235;1
6235;6237;2
6237;6238;1
6238;6239;1
6239;6240;1
6240;6241;1
6241;6243;2
6243;6245;2
6245;6247;2
6247;6248;1
6248;6249;1
6249;6250;1
6250;6251;1
6251;6253;2
6253;6254;1
6254;6257;3
6257;6258;1
6258;6259;1
6259;6270;11
6270;6271;1
6271;6273;2
6273;6274;1
6274;6275;1
6275;6278;3
6278;6279;1
6279;6280;1
6280;6281;1
6281;6283;2
6283;6284;1
6284;6285;1
6285;6287;2
6287;6289;2
6289;6290;1
6290;6291;1
6291;6293;2
6293;6294;1
6294;6295;1
6295;6297;2
6297;6298;1
6298;6301;3
6301;6302;1
6302;6304;2
6304;6305;1
6305;6307;2
6307;6308;1
6308;6309;1
6309;6310;1
6310;6312;2
6312;6314;2
6314;6315;1
6315;6317;2
6317;6318;1
6318;6319;1
6319;6320;1
6320;6321;1
6321;6324;3
6324;6325;1
6325;6327;2
6327;6328;1
6328;6329;1
6329;6340;11
6340;6341;1
6341;6342;1
6342;6345;3
6345;6347;2
6347;6348;1
6348;6349;1
6349;6350;1
6350;6351;1
6351;6352;1
6352;6354;2
6354;6357;3
6357;6358;1
6358;6359;1
6359;6370;11
6370;6371;1
6371;6372;1
6372;6374;2
6374;6375;1
6375;6378;3
6378;6379;1
6379;6380;1
6380;6381;1
6381;6382;1
6382;6384;2
6384;6385;1
6385;6387;2
6387;6389;2
6389;6390;1
6390;6391;1
6391;6392;1
6392;6394;2
6394;6395;1
6395;6397;2
6397;6398;1
6398;6401;3
6401;6402;1
6402;6403;1
6403;6405;2
6405;6407;2
6407;6408;1
6408;6409;1
6409;6410;1
6410;6412;2
6412;6413;1
6413;6415;2
6415;6417;2
6417;6418;1
6418;6419;1
6419;6420;1
6420;6421;1
6421;6423;2
6423;6425;2
6425;6427;2
6427;6428;1
6428;6429;1
6429;6430;1
6430;6431;1
6431;6432;1
6432;6435;3
6435;6437;2
6437;6438;1
6438;6439;1
6439;6450;11
6450;6451;1
6451;6452;1
6452;6453;1
6453;6457;4
6457;6458;1
6458;6459;1
6459;6470;11
6470;6471;1
6471;6472;1
6472;6473;1
6473;6475;2
6475;6478;3
6478;6479;1
6479;6480;1
6480;6481;1
6481;6482;1
6482;6483;1
6483;6485;2
6485;6487;2
6487;6489;2
6489;6490;1
6490;6491;1
6491;6492;1
6492;6493;1
6493;6495;2
6495;6497;2
6497;6498;1
6498;6501;3
6501;6502;1
6502;6503;1
6503;6504;1
6504;6507;3
6507;6508;1
6508;6509;1
6509;6510;1
6510;6512;2
6512;6513;1
6513;6514;1
6514;6517;3
6517;6518;1
6518;6519;1
6519;6520;1
6520;6521;1
6521;6523;2
6523;6524;1
6524;6527;3
6527;6528;1
6528;6529;1
6529;6530;1
6530;6531;1
6531;6532;1
6532;6534;2
6534;6537;3
6537;6538;1
6538;6539;1
6539;6540;1
6540;6541;1
6541;6542;1
6542;6543;1
6543;6547;4
6547;6548;1
6548;6549;1
6549;6570;21
6570;6571;1
6571;6572;1
6572;6573;1
6573;6574;1
6574;6578;4
6578;6579;1
6579;6580;1
6580;6581;1
6581;6582;1
6582;6583;1
6583;6584;1
6584;6587;3
6587;6589;2
6589;6590;1
6590;6591;1
6591;6592;1
6592;6593;1
6593;6594;1
6594;6597;3
6597;6598;1
6598;6701;103
6701;6702;1
6702;6703;1
6703;6704;1
6704;6705;1
6705;6708;3
6708;6709;1
6709;6710;1
6710;6712;2
6712;6713;1
6713;6714;1
6714;6715;1
6715;6718;3
6718;6719;1
6719;6720;1
6720;6721;1
6721;6723;2
6723;6724;1
6724;6725;1
6725;6728;3
6728;6729;1
6729;6730;1
6730;6731;1
6731;6732;1
6732;6734;2
6734;6735;1
6735;6738;3
6738;6739;1
6739;6740;1
6740;6741;1
6741;6742;1
6742;6743;1
6743;6745;2
6745;6748;3
6748;6749;1
6749;6750;1
6750;6751;1
6751;6752;1
6752;6753;1
6753;6754;1
6754;6758;4
6758;6759;1
6759;6780;21
6780;6781;1
6781;6782;1
6782;6783;1
6783;6784;1
6784;6785;1
6785;6789;4
6789;6790;1
6790;6791;1
6791;6792;1
6792;6793;1
6793;6794;1
6794;6795;1
6795;6798;3
6798;6801;3
6801;6802;1
6802;6803;1
6803;6804;1
6804;6805;1
6805;6807;2
6807;6809;2
6809;6810;1
6810;6812;2
6812;6813;1
6813;6814;1
6814;6815;1
6815;6817;2
6817;6819;2
6819;6820;1
6820;6821;1
6821;6823;2
6823;6824;1
6824;6825;1
6825;6827;2
6827;6829;2
6829;6830;1
6830;6831;1
6831;6832;1
6832;6834;2
6834;6835;1
6835;6837;2
6837;6839;2
6839;6840;1
6840;6841;1
6841;6842;1
6842;6843;1
6843;6845;2
6845;6847;2
6847;6849;2
6849;6850;1
6850;6851;1
6851;6852;1
6852;6853;1
6853;6854;1
6854;6857;3
6857;6859;2
6859;6870;11
6870;6871;1
6871;6872;1
6872;6873;1
6873;6874;1
6874;6875;1
6875;6879;4
6879;6890;11
6890;6891;1
6891;6892;1
6892;6893;1
6893;6894;1
6894;6895;1
6895;6897;2
6897;6901;4
6901;6902;1
6902;6903;1
6903;6904;1
6904;6905;1
6905;6907;2
6907;6908;1
6908;6910;2
6910;6912;2
6912;6913;1
6913;6914;1
6914;6915;1
6915;6917;2
6917;6918;1
6918;6920;2
6920;6921;1
6921;6923;2
6923;6924;1
6924;6925;1
6925;6927;2
6927;6928;1
6928;6930;2
6930;6931;1
6931;6932;1
6932;6934;2
6934;6935;1
6935;6937;2
6937;6938;1
6938;6940;2
6940;6941;1
6941;6942;1
6942;6943;1
6943;6945;2
6945;6947;2
6947;6948;1
6948;6950;2
6950;6951;1
6951;6952;1
6952;6953;1
6953;6954;1
6954;6957;3
6957;6958;1
6958;6970;12
6970;6971;1
6971;6972;1
6972;6973;1
6973;6974;1
6974;6975;1
6975;6978;3
6978;6980;2
6980;6981;1
6981;6982;1
6982;6983;1
6983;6984;1
6984;6985;1
6985;6987;2
6987;7012;25
7012;7013;1
7013;7014;1
7014;7015;1
7015;7016;1
7016;7018;2
7018;7019;1
7019;7021;2
7021;7023;2
7023;7024;1
7024;7025;1
7025;7026;1
7026;7028;2
7028;7029;1
7029;7031;2
7031;7032;1
7032;7034;2
7034;7035;1
7035;7036;1
7036;7038;2
7038;7039;1
7039;7041;2
7041;7042;1
7042;7043;1
7043;7045;2
7045;7046;1
7046;7048;2
7048;7049;1
7049;7051;2
7051;7052;1
7052;7053;1
7053;7054;1
7054;7056;2
7056;7058;2
7058;7059;1
7059;7061;2
7061;7062;1
7062;7063;1
7063;7064;1
7064;7065;1
7065;7068;3
7068;7069;1
7069;7081;12
7081;7082;1
7082;7083;1
7083;7084;1
7084;7085;1
7085;7086;1
7086;7089;3
7089;7091;2
7091;7092;1
7092;7093;1
7093;7094;1
7094;7095;1
7095;7096;1
7096;7098;2
7098;7102;4
7102;7103;1
7103;7104;1
7104;7105;1
7105;7106;1
7106;7108;2
7108;7109;1
7109;7120;11
7120;7123;3
7123;7124;1
7124;7125;1
7125;7126;1
7126;7128;2
7128;7129;1
7129;7130;1
7130;7132;2
7132;7134;2
7134;7135;1
7135;7136;1
7136;7138;2
7138;7139;1
7139;7140;1
7140;7142;2
7142;7143;1
7143;7145;2
7145;7146;1
7146;7148;2
7148;7149;1
7149;7150;1
7150;7152;2
7152;7153;1
7153;7154;1
7154;7156;2
7156;7158;2
7158;7159;1
7159;7160;1
7160;7162;2
7162;7163;1
7163;7164;1
7164;7165;1
7165;7168;3
7168;7169;1
7169;7180;11
7180;7182;2
7182;7183;1
7183;7184;1
7184;7185;1
7185;7186;1
7186;7189;3
7189;7190;1
7190;7192;2
7192;7193;1
7193;7194;1
7194;7195;1
7195;7196;1
7196;7198;2
7198;7201;3
7201;7203;2
7203;7204;1
7204;7205;1
7205;7206;1
7206;7208;2
7208;7209;1
7209;7210;1
7210;7213;3
7213;7214;1
7214;7215;1
7215;7216;1
7216;7218;2
7218;7219;1
7219;7230;11
7230;7231;1
7231;7234;3
7234;7235;1
7235;7236;1
7236;7238;2
7238;7239;1
7239;7240;1
7240;7241;1
7241;7243;2
7243;7245;2
7245;7246;1
7246;7248;2
7248;7249;1
7249;7250;1
7250;7251;1
7251;7253;2
7253;7254;1
7254;7256;2
7256;7258;2
7258;7259;1
7259;7260;1
7260;7261;1
7261;7263;2
7263;7264;1
7264;7265;1
7265;7268;3
7268;7269;1
7269;7280;11
7280;7281;1
7281;7283;2
7283;7284;1
7284;7285;1
7285;7286;1
7286;7289;3
7289;7290;1
7290;7291;1
7291;7293;2
7293;7294;1
7294;7295;1
7295;7296;1
7296;7298;2
7298;7301;3
7301;7302;1
7302;7304;2
7304;7305;1
7305;7306;1
7306;7308;2
7308;7309;1
7309;7310;1
7310;7312;2
7312;7314;2
7314;7315;1
7315;7316;1
7316;7318;2
7318;7319;1
7319;7320;1
7320;7321;1
7321;7324;3
7324;7325;1
7325;7326;1
7326;7328;2
7328;7329;1
7329;7340;11
7340;7341;1
7341;7342;1
7342;7345;3
7345;7346;1
7346;7348;2
7348;7349;1
7349;7350;1
7350;7351;1
7351;7352;1
7352;7354;2
7354;7356;2
7356;7358;2
7358;7359;1
7359;7360;1
7360;7361;1
7361;7362;1
7362;7364;2
7364;7365;1
7365;7368;3
7368;7369;1
7369;7380;11
7380;7381;1
7381;7382;1
7382;7384;2
7384;7385;1
7385;7386;1
7386;7389;3
7389;7390;1
7390;7391;1
7391;7392;1
7392;7394;2
7394;7395;1
7395;7396;1
7396;7398;2
7398;7401;3
7401;7402;1
7402;7403;1
7403;7405;2
7405;7406;1
7406;7408;2
7408;7409;1
7409;7410;1
7410;7412;2
7412;7413;1
7413;7415;2
7415;7416;1
7416;7418;2
7418;7419;1
7419;7420;1
7420;7421;1
7421;7423;2
7423;7425;2
7425;7426;1
7426;7428;2
7428;7429;1
7429;7430;1
7430;7431;1
7431;7432;1
7432;7435;3
7435;7436;1
7436;7438;2
7438;7439;1
7439;7450;11
7450;7451;1
7451;7452;1
7452;7453;1
7453;7456;3
7456;7458;2
7458;7459;1
7459;7460;1
7460;7461;1
7461;7462;1
7462;7463;1
7463;7465;2
7465;7468;3
7468;7469;1
7469;7480;11
7480;7481;1
7481;7482;1
7482;7483;1
7483;7485;2
7485;7486;1
7486;7489;3
7489;7490;1
7490;7491;1
7491;7492;1
7492;7493;1
7493;7495;2
7495;7496;1
7496;7498;2
7498;7501;3
7501;7502;1
7502;7503;1
7503;7504;1
7504;7506;2
7506;7508;2
7508;7509;1
7509;7510;1
7510;7512;2
7512;7513;1
7513;7514;1
7514;7516;2
7516;7518;2
7518;7519;1
7519;7520;1
7520;7521;1
7521;7523;2
7523;7524;1
7524;7526;2
7526;7528;2
7528;7529;1
7529;7530;1
7530;7531;1
7531;7532;1
7532;7534;2
7534;7536;2
7536;7538;2
7538;7539;1
7539;7540;1
7540;7541;1
7541;7542;1
7542;7543;1
7543;7546;3
7546;7548;2
7548;7549;1
7549;7560;11
7560;7561;1
7561;7562;1
7562;7563;1
7563;7564;1
7564;7568;4
7568;7569;1
7569;7580;11
7580;7581;1
7581;7582;1
7582;7583;1
7583;7584;1
7584;7586;2
7586;7589;3
7589;7590;1
7590;7591;1
7591;7592;1
7592;7593;1
7593;7594;1
7594;7596;2
7596;7598;2
7598;7601;3
7601;7602;1
7602;7603;1
7603;7604;1
7604;7605;1
7605;7608;3
7608;7609;1
7609;7610;1
7610;7612;2
7612;7613;1
7613;7614;1
7614;7615;1
7615;7618;3
7618;7619;1
7619;7620;1
7620;7621;1
7621;7623;2
7623;7624;1
7624;7625;1
7625;7628;3
7628;7629;1
7629;7630;1
7630;7631;1
7631;7632;1
7632;7634;2
7634;7635;1
7635;7638;3
7638;7639;1
7639;7640;1
7640;7641;1
7641;7642;1
7642;7643;1
7643;7645;2
7645;7648;3
7648;7649;1
7649;7650;1
7650;7651;1
7651;7652;1
7652;7653;1
7653;7654;1
7654;7658;4
7658;7659;1
7659;7680;21
7680;7681;1
7681;7682;1
7682;7683;1
7683;7684;1
7684;7685;1
7685;7689;4
7689;7690;1
7690;7691;1
7691;7692;1
7692;7693;1
7693;7694;1
7694;7695;1
7695;7698;3
7698;7801;103
7801;7802;1
7802;7803;1
7803;7804;1
7804;7805;1
7805;7806;1
7806;7809;3
7809;7810;1
7810;7812;2
7812;7813;1
7813;7814;1
7814;7815;1
7815;7816;1
7816;7819;3
7819;7820;1
7820;7821;1
7821;7823;2
7823;7824;1
7824;7825;1
7825;7826;1
7826;7829;3
7829;7830;1
7830;7831;1
7831;7832;1
7832;7834;2
7834;7835;1
7835;7836;1
7836;7839;3
7839;7840;1
7840;7841;1
7841;7842;1
7842;7843;1
7843;7845;2
7845;7846;1
7846;7849;3
7849;7850;1
7850;7851;1
7851;7852;1
7852;7853;1
7853;7854;1
7854;7856;2
7856;7859;3
7859;7860;1
7860;7861;1
7861;7862;1
7862;7863;1
7863;7864;1
7864;7865;1
7865;7869;4
7869;7890;21
7890;7891;1
7891;7892;1
7892;7893;1
7893;7894;1
7894;7895;1
7895;7896;1
7896;7901;5
7901;7902;1
7902;7903;1
7903;7904;1
7904;7905;1
7905;7906;1
7906;7908;2
7908;7910;2
7910;7912;2
7912;7913;1
7913;7914;1
7914;7915;1
7915;7916;1
7916;7918;2
7918;7920;2
7920;7921;1
7921;7923;2
7923;7924;1
7924;7925;1
7925;7926;1
7926;7928;2
7928;7930;2
7930;7931;1
7931;7932;1
7932;7934;2
7934;7935;1
7935;7936;1
7936;7938;2
7938;7940;2
7940;7941;1
7941;7942;1
7942;7943;1
7943;7945;2
7945;7946;1
7946;7948;2
7948;7950;2
7950;7951;1
7951;7952;1
7952;7953;1
7953;7954;1
7954;7956;2
7956;7958;2
7958;7960;2
7960;7961;1
7961;7962;1
7962;7963;1
7963;7964;1
7964;7965;1
7965;7968;3
7968;7980;12
7980;7981;1
7981;7982;1
7982;7983;1
7983;7984;1
7984;7985;1
7985;7986;1
7986;8012;26
8012;8013;1
8013;8014;1
8014;8015;1
8015;8016;1
8016;8017;1
8017;8019;2
8019;8021;2
8021;8023;2
8023;8024;1
8024;8025;1
8025;8026;1
8026;8027;1
8027;8029;2
8029;8031;2
8031;8032;1
8032;8034;2
8034;8035;1
8035;8036;1
8036;8037;1
8037;8039;2
8039;8041;2
8041;8042;1
8042;8043;1
8043;8045;2
8045;8046;1
8046;8047;1
8047;8049;2
8049;8051;2
8051;8052;1
8052;8053;1
8053;8054;1
8054;8056;2
8056;8057;1
8057;8059;2
8059;8061;2
8061;8062;1
8062;8063;1
8063;8064;1
8064;8065;1
8065;8067;2
8067;8069;2
8069;8071;2
8071;8072;1
8072;8073;1
8073;8074;1
8074;8075;1
8075;8076;1
8076;8079;3
8079;8091;12
8091;8092;1
8092;8093;1
8093;8094;1
8094;8095;1
8095;8096;1
8096;8097;1
8097;8102;5
8102;8103;1
8103;8104;1
8104;8105;1
8105;8106;1
8106;8107;1
8107;8109;2
8109;8120;11
8120;8123;3
8123;8124;1
8124;8125;1
8125;8126;1
8126;8127;1
8127;8129;2
8129;8130;1
8130;8132;2
8132;8134;2
8134;8135;1
8135;8136;1
8136;8137;1
8137;8139;2
8139;8140;1
8140;8142;2
8142;8143;1
8143;8145;2
8145;8146;1
8146;8147;1
8147;8149;2
8149;8150;1
8150;8152;2
8152;8153;1
8153;8154;1
8154;8156;2
8156;8157;1
8157;8159;2
8159;8160;1
8160;8162;2
8162;8163;1
8163;8164;1
8164;8165;1
8165;8167;2
8167;8169;2
8169;8170;1
8170;8172;2
8172;8173;1
8173;8174;1
8174;8175;1
8175;8176;1
8176;8179;3
8179;8190;11
8190;8192;2
8192;8193;1
8193;8194;1
8194;8195;1
8195;8196;1
8196;8197;1
8197;8201;4
8201;8203;2
8203;8204;1
8204;8205;1
8205;8206;1
8206;8207;1
8207;8209;2
8209;8210;1
8210;8213;3
8213;8214;1
8214;8215;1
8215;8216;1
8216;8217;1
8217;8219;2
8219;8230;11
8230;8231;1
8231;8234;3
8234;8235;1
8235;8236;1
8236;8237;1
8237;8239;2
8239;8240;1
8240;8241;1
8241;8243;2
8243;8245;2
8245;8246;1
8246;8247;1
8247;8249;2
8249;8250;1
8250;8251;1
8251;8253;2
8253;8254;1
8254;8256;2
8256;8257;1
8257;8259;2
8259;8260;1
8260;8261;1
8261;8263;2
8263;8264;1
8264;8265;1
8265;8267;2
8267;8269;2
8269;8270;1
8270;8271;1
8271;8273;2
8273;8274;1
8274;8275;1
8275;8276;1
8276;8279;3
8279;8290;11
8290;8291;1
8291;8293;2
8293;8294;1
8294;8295;1
8295;8296;1
8296;8297;1
8297;8301;4
8301;8302;1
8302;8304;2
8304;8305;1
8305;8306;1
8306;8307;1
8307;8309;2
8309;8310;1
8310;8312;2
8312;8314;2
8314;8315;1
8315;8316;1
8316;8317;1
8317;8319;2
8319;8320;1
8320;8321;1
8321;8324;3
8324;8325;1
8325;8326;1
8326;8327;1
8327;8329;2
8329;8340;11
8340;8341;1
8341;8342;1
8342;8345;3
8345;8346;1
8346;8347;1
8347;8349;2
8349;8350;1
8350;8351;1
8351;8352;1
8352;8354;2
8354;8356;2
8356;8357;1
8357;8359;2
8359;8360;1
8360;8361;1
8361;8362;1
8362;8364;2
8364;8365;1
8365;8367;2
8367;8369;2
8369;8370;1
8370;8371;1
8371;8372;1
8372;8374;2
8374;8375;1
8375;8376;1
8376;8379;3
8379;8390;11
8390;8391;1
8391;8392;1
8392;8394;2
8394;8395;1
8395;8396;1
8396;8397;1
8397;8401;4
8401;8402;1
8402;8403;1
8403;8405;2
8405;8406;1
8406;8407;1
8407;8409;2
8409;8410;1
8410;8412;2
8412;8413;1
8413;8415;2
8415;8416;1
8416;8417;1
8417;8419;2
8419;8420;1
8420;8421;1
8421;8423;2
8423;8425;2
8425;8426;1
8426;8427;1
8427;8429;2
8429;8430;1
8430;8431;1
8431;8432;1
8432;8435;3
8435;8436;1
8436;8437;1
8437;8439;2
8439;8450;11
8450;8451;1
8451;8452;1
8452;8453;1
8453;8456;3
8456;8457;1
8457;8459;2
8459;8460;1
8460;8461;1
8461;8462;1
8462;8463;1
8463;8465;2
8465;8467;2
8467;8469;2
8469;8470;1
8470;8471;1
8471;8472;1
8472;8473;1
8473;8475;2
8475;8476;1
8476;8479;3
8479;8490;11
8490;8491;1
8491;8492;1
8492;8493;1
8493;8495;2
8495;8496;1
8496;8497;1
8497;8501;4
8501;8502;1
8502;8503;1
8503;8504;1
8504;8506;2
8506;8507;1
8507;8509;2
8509;8510;1
8510;8512;2
8512;8513;1
8513;8514;1
8514;8516;2
8516;8517;1
8517;8519;2
8519;8520;1
8520;8521;1
8521;8523;2
8523;8524;1
8524;8526;2
8526;8527;1
8527;8529;2
8529;8530;1
8530;8531;1
8531;8532;1
8532;8534;2
8534;8536;2
8536;8537;1
8537;8539;2
8539;8540;1
8540;8541;1
8541;8542;1
8542;8543;1
8543;8546;3
8546;8547;1
8547;8549;2
8549;8560;11
8560;8561;1
8561;8562;1
8562;8563;1
8563;8564;1
8564;8567;3
8567;8569;2
8569;8570;1
8570;8571;1
8571;8572;1
8572;8573;1
8573;8574;1
8574;8576;2
8576;8579;3
8579;8590;11
8590;8591;1
8591;8592;1
8592;8593;1
8593;8594;1
8594;8596;2
8596;8597;1
8597;8601;4
8601;8602;1
8602;8603;1
8603;8604;1
8604;8605;1
8605;8607;2
8607;8609;2
8609;8610;1
8610;8612;2
8612;8613;1
8613;8614;1
8614;8615;1
8615;8617;2
8617;8619;2
8619;8620;1
8620;8621;1
8621;8623;2
8623;8624;1
8624;8625;1
8625;8627;2
8627;8629;2
8629;8630;1
8630;8631;1
8631;8632;1
8632;8634;2
8634;8635;1
8635;8637;2
8637;8639;2
8639;8640;1
8640;8641;1
8641;8642;1
8642;8643;1
8643;8645;2
8645;8647;2
8647;8649;2
8649;8650;1
8650;8651;1
8651;8652;1
8652;8653;1
8653;8654;1
8654;8657;3
8657;8659;2
8659;8670;11
8670;8671;1
8671;8672;1
8672;8673;1
8673;8674;1
8674;8675;1
8675;8679;4
8679;8690;11
8690;8691;1
8691;8692;1
8692;8693;1
8693;8694;1
8694;8695;1
8695;8697;2
8697;8701;4
8701;8702;1
8702;8703;1
8703;8704;1
8704;8705;1
8705;8706;1
8706;8709;3
8709;8710;1
8710;8712;2
8712;8713;1
8713;8714;1
8714;8715;1
8715;8716;1
8716;8719;3
8719;8720;1
8720;8721;1
8721;8723;2
8723;8724;1
8724;8725;1
8725;8726;1
8726;8729;3
8729;8730;1
8730;8731;1
8731;8732;1
8732;8734;2
8734;8735;1
8735;8736;1
8736;8739;3
8739;8740;1
8740;8741;1
8741;8742;1
8742;8743;1
8743;8745;2
8745;8746;1
8746;8749;3
8749;8750;1
8750;8751;1
8751;8752;1
8752;8753;1
8753;8754;1
8754;8756;2
8756;8759;3
8759;8760;1
8760;8761;1
8761;8762;1
8762;8763;1
8763;8764;1
8764;8765;1
8765;8769;4
8769;8790;21
8790;8791;1
8791;8792;1
8792;8793;1
8793;8794;1
8794;8795;1
8795;8796;1
8796;8901;105
8901;8902;1
8902;8903;1
8903;8904;1
8904;8905;1
8905;8906;1
8906;8907;1
8907;8910;3
8910;8912;2
8912;8913;1
8913;8914;1
8914;8915;1
8915;8916;1
8916;8917;1
8917;8920;3
8920;8921;1
8921;8923;2
8923;8924;1
8924;8925;1
8925;8926;1
8926;8927;1
8927;8930;3
8930;8931;1
8931;8932;1
8932;8934;2
8934;8935;1
8935;8936;1
8936;8937;1
8937;8940;3
8940;8941;1
8941;8942;1
8942;8943;1
8943;8945;2
8945;8946;1
8946;8947;1
8947;8950;3
8950;8951;1
8951;8952;1
8952;8953;1
8953;8954;1
8954;8956;2
8956;8957;1
8957;8960;3
8960;8961;1
8961;8962;1
8962;8963;1
8963;8964;1
8964;8965;1
8965;8967;2
8967;8970;3
8970;8971;1
8971;8972;1
8972;8973;1
8973;8974;1
8974;8975;1
8975;8976;1
8976;9012;36
9012;9013;1
9013;9014;1
9014;9015;1
9015;9016;1
9016;9017;1
9017;9018;1
9018;9021;3
9021;9023;2
9023;9024;1
9024;9025;1
9025;9026;1
9026;9027;1
9027;9028;1
9028;9031;3
9031;9032;1
9032;9034;2
9034;9035;1
9035;9036;1
9036;9037;1
9037;9038;1
9038;9041;3
9041;9042;1
9042;9043;1
9043;9045;2
9045;9046;1
9046;9047;1
9047;9048;1
9048;9051;3
9051;9052;1
9052;9053;1
9053;9054;1
9054;9056;2
9056;9057;1
9057;9058;1
9058;9061;3
9061;9062;1
9062;9063;1
9063;9064;1
9064;9065;1
9065;9067;2
9067;9068;1
9068;9071;3
9071;9072;1
9072;9073;1
9073;9074;1
9074;9075;1
9075;9076;1
9076;9078;2
9078;9081;3
9081;9082;1
9082;9083;1
9083;9084;1
9084;9085;1
9085;9086;1
9086;9087;1
9087;9102;15
9102;9103;1
9103;9104;1
9104;9105;1
9105;9106;1
9106;9107;1
9107;9108;1
9108;9120;12
9120;9123;3
9123;9124;1
9124;9125;1
9125;9126;1
9126;9127;1
9127;9128;1
9128;9130;2
9130;9132;2
9132;9134;2
9134;9135;1
9135;9136;1
9136;9137;1
9137;9138;1
9138;9140;2
9140;9142;2
9142;9143;1
9143;9145;2
9145;9146;1
9146;9147;1
9147;9148;1
9148;9150;2
9150;9152;2
9152;9153;1
9153;9154;1
9154;9156;2
9156;9157;1
9157;9158;1
9158;9160;2
9160;9162;2
9162;9163;1
9163;9164;1
9164;9165;1
9165;9167;2
9167;9168;1
9168;9170;2
9170;9172;2
9172;9173;1
9173;9174;1
9174;9175;1
9175;9176;1
9176;9178;2
9178;9180;2
9180;9182;2
9182;9183;1
9183;9184;1
9184;9185;1
9185;9186;1
9186;9187;1
9187;9201;14
9201;9203;2
9203;9204;1
9204;9205;1
9205;9206;1
9206;9207;1
9207;9208;1
9208;9210;2
9210;9213;3
9213;9214;1
9214;9215;1
9215;9216;1
9216;9217;1
9217;9218;1
9218;9230;12
9230;9231;1
9231;9234;3
9234;9235;1
9235;9236;1
9236;9237;1
9237;9238;1
9238;9240;2
9240;9241;1
9241;9243;2
9243;9245;2
9245;9246;1
9246;9247;1
9247;9248;1
9248;9250;2
9250;9251;1
9251;9253;2
9253;9254;1
9254;9256;2
9256;9257;1
9257;9258;1
9258;9260;2
9260;9261;1
9261;9263;2
9263;9264;1
9264;9265;1
9265;9267;2
9267;9268;1
9268;9270;2
9270;9271;1
9271;9273;2
9273;9274;1
9274;9275;1
9275;9276;1
9276;9278;2
9278;9280;2
9280;9281;1
9281;9283;2
9283;9284;1
9284;9285;1
9285;9286;1
9286;9287;1
9287;9301;14
9301;9302;1
9302;9304;2
9304;9305;1
9305;9306;1
9306;9307;1
9307;9308;1
9308;9310;2
9310;9312;2
9312;9314;2
9314;9315;1
9315;9316;1
9316;9317;1
9317;9318;1
9318;9320;2
9320;9321;1
9321;9324;3
9324;9325;1
9325;9326;1
9326;9327;1
9327;9328;1
9328;9340;12
9340;9341;1
9341;9342;1
9342;9345;3
9345;9346;1
9346;9347;1
9347;9348;1
9348;9350;2
9350;9351;1
9351;9352;1
9352;9354;2
9354;9356;2
9356;9357;1
9357;9358;1
9358;9360;2
9360;9361;1
9361;9362;1
9362;9364;2
9364;9365;1
9365;9367;2
9367;9368;1
9368;9370;2
9370;9371;1
9371;9372;1
9372;9374;2
9374;9375;1
9375;9376;1
9376;9378;2
9378;9380;2
9380;9381;1
9381;9382;1
9382;9384;2
9384;9385;1
9385;9386;1
9386;9387;1
9387;9401;14
9401;9402;1
9402;9403;1
9403;9405;2
9405;9406;1
9406;9407;1
9407;9408;1
9408;9410;2
9410;9412;2
9412;9413;1
9413;9415;2
9415;9416;1
9416;9417;1
9417;9418;1
9418;9420;2
9420;9421;1
9421;9423;2
9423;9425;2
9425;9426;1
9426;9427;1
9427;9428;1
9428;9430;2
9430;9431;1
9431;9432;1
9432;9435;3
9435;9436;1
9436;9437;1
9437;9438;1
9438;9450;12
9450;9451;1
9451;9452;1
9452;9453;1
9453;9456;3
9456;9457;1
9457;9458;1
9458;9460;2
9460;9461;1
9461;9462;1
9462;9463;1
9463;9465;2
9465;9467;2
9467;9468;1
9468;9470;2
9470;9471;1
9471;9472;1
9472;9473;1
9473;9475;2
9475;9476;1
9476;9478;2
9478;9480;2
9480;9481;1
9481;9482;1
9482;9483;1
9483;9485;2
9485;9486;1
9486;9487;1
9487;9501;14
9501;9502;1
9502;9503;1
9503;9504;1
9504;9506;2
9506;9507;1
9507;9508;1
9508;9510;2
9510;9512;2
9512;9513;1
9513;9514;1
9514;9516;2
9516;9517;1
9517;9518;1
9518;9520;2
9520;9521;1
9521;9523;2
9523;9524;1
9524;9526;2
9526;9527;1
9527;9528;1
9528;9530;2
9530;9531;1
9531;9532;1
9532;9534;2
9534;9536;2
9536;9537;1
9537;9538;1
9538;9540;2
9540;9541;1
9541;9542;1
9542;9543;1
9543;9546;3
9546;9547;1
9547;9548;1
9548;9560;12
9560;9561;1
9561;9562;1
9562;9563;1
9563;9564;1
9564;9567;3
9567;9568;1
9568;9570;2
9570;9571;1
9571;9572;1
9572;9573;1
9573;9574;1
9574;9576;2
9576;9578;2
9578;9580;2
9580;9581;1
9581;9582;1
9582;9583;1
9583;9584;1
9584;9586;2
9586;9587;1
9587;9601;14
9601;9602;1
9602;9603;1
9603;9604;1
9604;9605;1
9605;9607;2
9607;9608;1
9608;9610;2
9610;9612;2
9612;9613;1
9613;9614;1
9614;9615;1
9615;9617;2
9617;9618;1
9618;9620;2
9620;9621;1
9621;9623;2
9623;9624;1
9624;9625;1
9625;9627;2
9627;9628;1
9628;9630;2
9630;9631;1
9631;9632;1
9632;9634;2
9634;9635;1
9635;9637;2
9637;9638;1
9638;9640;2
9640;9641;1
9641;9642;1
9642;9643;1
9643;9645;2
9645;9647;2
9647;9648;1
9648;9650;2
9650;9651;1
9651;9652;1
9652;9653;1
9653;9654;1
9654;9657;3
9657;9658;1
9658;9670;12
9670;9671;1
9671;9672;1
9672;9673;1
9673;9674;1
9674;9675;1
9675;9678;3
9678;9680;2
9680;9681;1
9681;9682;1
9682;9683;1
9683;9684;1
9684;9685;1
9685;9687;2
9687;9701;14
9701;9702;1
9702;9703;1
9703;9704;1
9704;9705;1
9705;9706;1
9706;9708;2
9708;9710;2
9710;9712;2
9712;9713;1
9713;9714;1
9714;9715;1
9715;9716;1
9716;9718;2
9718;9720;2
9720;9721;1
9721;9723;2
9723;9724;1
9724;9725;1
9725;9726;1
9726;9728;2
9728;9730;2
9730;9731;1
9731;9732;1
9732;9734;2
9734;9735;1
9735;9736;1
9736;9738;2
9738;9740;2
9740;9741;1
9741;9742;1
9742;9743;1
9743;9745;2
9745;9746;1
9746;9748;2
9748;9750;2
9750;9751;1
9751;9752;1
9752;9753;1
9753;9754;1
9754;9756;2
9756;9758;2
9758;9760;2
9760;9761;1
9761;9762;1
9762;9763;1
9763;9764;1
9764;9765;1
9765;9768;3
9768;9780;12
9780;9781;1
9781;9782;1
9782;9783;1
9783;9784;1
9784;9785;1
9785;9786;1
9786;9801;15
9801;9802;1
9802;9803;1
9803;9804;1
9804;9805;1
9805;9806;1
9806;9807;1
9807;9810;3
9810;9812;2
9812;9813;1
9813;9814;1
9814;9815;1
9815;9816;1
9816;9817;1
9817;9820;3
9820;9821;1
9821;9823;2
9823;9824;1
9824;9825;1
9825;9826;1
9826;9827;1
9827;9830;3
9830;9831;1
9831;9832;1
9832;9834;2
9834;9835;1
9835;9836;1
9836;9837;1
9837;9840;3
9840;9841;1
9841;9842;1
9842;9843;1
9843;9845;2
9845;9846;1
9846;9847;1
9847;9850;3
9850;9851;1
9851;9852;1
9852;9853;1
9853;9854;1
9854;9856;2
9856;9857;1
9857;9860;3
9860;9861;1
9861;9862;1
9862;9863;1
9863;9864;1
9864;9865;1
9865;9867;2
9867;9870;3
9870;9871;1
9871;9872;1
9872;9873;1
9873;9874;1
9874;9875;1
9875;9876;1
1234;1235;1
1235;1236;1
1236;1237;1
1237;1238;1
1238;1239;1
1239;1240;1
1240;1243;3
1243;1245;2
1245;1246;1
1246;1247;1
1247;1248;1
1248;1249;1
1249;1250;1
1250;1253;3
1253;1254;1
1254;1256;2
1256;1257;1
1257;1258;1
1258;1259;1
1259;1260;1
1260;1263;3
1263;1264;1
1264;1265;1
1265;1267;2
1267;1268;1
1268;1269;1
1269;1270;1
1270;1273;3
1273;1274;1
1274;1275;1
1275;1276;1
1276;1278;2
1278;1279;1
1279;1280;1
1280;1283;3
1283;1284;1
1284;1285;1
1285;1286;1
1286;1287;1
1287;1289;2
1289;1290;1
1290;1293;3
1293;1294;1
1294;1295;1
1295;1296;1
1296;1297;1
1297;1298;1
1298;1302;4
1302;1304;2
1304;1305;1
1305;1306;1
1306;1307;1
1307;1308;1
1308;1309;1
1309;1320;11
1320;1324;4
1324;1325;1
1325;1326;1
1326;1327;1
1327;1328;1
1328;1329;1
1329;1340;11
1340;1342;2
1342;1345;3
1345;1346;1
1346;1347;1
1347;1348;1
1348;1349;1
1349;1350;1
1350;1352;2
1352;1354;2
1354;1356;2
1356;1357;1
1357;1358;1
1358;1359;1
1359;1360;1
1360;1362;2
1362;1364;2
1364;1365;1
1365;1367;2
1367;1368;1
1368;1369;1
1369;1370;1
1370;1372;2
1372;1374;2
1374;1375;1
1375;1376;1
1376;1378;2
1378;1379;1
1379;1380;1
1380;1382;2
1382;1384;2
1384;1385;1
1385;1386;1
1386;1387;1
1387;1389;2
1389;1390;1
1390;1392;2
1392;1394;2
1394;1395;1
1395;1396;1
1396;1397;1
1397;1398;1
1398;1402;4
1402;1403;1
1403;1405;2
1405;1406;1
1406;1407;1
1407;1408;1
1408;1409;1
1409;1420;11
1420;1423;3
1423;1425;2
1425;1426;1
1426;1427;1
1427;1428;1
1428;1429;1
1429;1430;1
1430;1432;2
1432;1435;3
1435;1436;1
1436;1437;1
1437;1438;1
1438;1439;1
1439;1450;11
1450;1452;2
1452;1453;1
1453;1456;3
1456;1457;1
1457;1458;1
1458;1459;1
1459;1460;1
1460;1462;2
1462;1463;1
1463;1465;2
1465;1467;2
1467;1468;1
1468;1469;1
1469;1470;1
1470;1472;2
1472;1473;1
1473;1475;2
1475;1476;1
1476;1478;2
1478;1479;1
1479;1480;1
1480;1482;2
1482;1483;1
1483;1485;2
1485;1486;1
1486;1487;1
1487;1489;2
1489;1490;1
1490;1492;2
1492;1493;1
1493;1495;2
1495;1496;1
1496;1497;1
1497;1498;1
1498;1502;4
1502;1503;1
1503;1504;1
1504;1506;2
1506;1507;1
1507;1508;1
1508;1509;1
1509;1520;11
1520;1523;3
1523;1524;1
1524;1526;2
1526;1527;1
1527;1528;1
1528;1529;1
1529;1530;1
1530;1532;2
1532;1534;2
1534;1536;2
1536;1537;1
1537;1538;1
1538;1539;1
1539;1540;1
1540;1542;2
1542;1543;1
1543;1546;3
1546;1547;1
1547;1548;1
1548;1549;1
1549;1560;11
1560;1562;2
1562;1563;1
1563;1564;1
1564;1567;3
1567;1568;1
1568;1569;1
1569;1570;1
1570;1572;2
1572;1573;1
1573;1574;1
1574;1576;2
1576;1578;2
1578;1579;1
1579;1580;1
1580;1582;2
1582;1583;1
1583;1584;1
1584;1586;2
1586;1587;1
1587;1589;2
1589;1590;1
1590;1592;2
1592;1593;1
1593;1594;1
1594;1596;2
1596;1597;1
1597;1598;1
1598;1602;4
1602;1603;1
1603;1604;1
1604;1605;1
1605;1607;2
1607;1608;1
1608;1609;1
1609;1620;11
1620;1623;3
1623;1624;1
1624;1625;1
1625;1627;2
1627;1628;1
1628;1629;1
1629;1630;1
1630;1632;2
1632;1634;2
1634;1635;1
1635;1637;2
1637;1638;1
1638;1639;1
1639;1640;1
1640;1642;2
1642;1643;1
1643;1645;2
1645;1647;2
1647;1648;1
1648;1649;1
1649;1650;1
1650;1652;2
1652;1653;1
1653;1654;1
1654;1657;3
1657;1658;1
1658;1659;1
1659;1670;11
1670;1672;2
1672;1673;1
1673;1674;1
1674;1675;1
1675;1678;3
1678;1679;1
1679;1680;1
1680;1682;2
1682;1683;1
1683;1684;1
1684;1685;1
1685;1687;2
1687;1689;2
1689;1690;1
1690;1692;2
1692;1693;1
1693;1694;1
1694;1695;1
1695;1697;2
1697;1698;1
1698;1702;4
1702;1703;1
1703;1704;1
1704;1705;1
1705;1706;1
1706;1708;2
1708;1709;1
1709;1720;11
1720;1723;3
1723;1724;1
1724;1725;1
1725;1726;1
1726;1728;2
1728;1729;1
1729;1730;1
1730;1732;2
1732;1734;2
1734;1735;1
1735;1736;1
1736;1738;2
1738;1739;1
1739;1740;1
1740;1742;2
1742;1743;1
1743;1745;2
1745;1746;1
1746;1748;2
1748;1749;1
1749;1750;1
1750;1752;2
1752;1753;1
1753;1754;1
1754;1756;2
1756;1758;2
1758;1759;1
1759;1760;1
1760;1762;2
1762;1763;1
1763;1764;1
1764;1765;1
1765;1768;3
1768;1769;1
1769;1780;11
1780;1782;2
1782;1783;1
1783;1784;1
1784;1785;1
1785;1786;1
1786;1789;3
1789;1790;1
1790;1792;2
1792;1793;1
1793;1794;1
1794;1795;1
1795;1796;1
1796;1798;2
1798;1802;4
1802;1803;1
1803;1804;1
1804;1805;1
1805;1806;1
1806;1807;1
1807;1809;2
1809;1820;11
1820;1823;3
1823;1824;1
1824;1825;1
1825;1826;1
1826;1827;1
1827;1829;2
1829;1830;1
1830;1832;2
1832;1834;2
1834;1835;1
1835;1836;1
1836;1837;1
1837;1839;2
1839;1840;1
1840;1842;2
1842;1843;1
1843;1845;2
1845;1846;1
1846;1847;1
1847;1849;2
1849;1850;1
1850;1852;2
1852;1853;1
1853;1854;1
1854;1856;2
1856;1857;1
1857;1859;2
1859;1860;1
1860;1862;2
1862;1863;1
1863;1864;1
1864;1865;1
1865;1867;2
1867;1869;2
1869;1870;1
1870;1872;2
1872;1873;1
1873;1874;1
1874;1875;1
1875;1876;1
1876;1879;3
1879;1890;11
1890;1892;2
1892;1893;1
1893;1894;1
1894;1895;1
1895;1896;1
1896;1897;1
1897;1902;5
1902;1903;1
1903;1904;1
1904;1905;1
1905;1906;1
1906;1907;1
1907;1908;1
1908;1920;12
1920;1923;3
1923;1924;1
1924;1925;1
1925;1926;1
1926;1927;1
1927;1928;1
1928;1930;2
1930;1932;2
1932;1934;2
1934;1935;1
1935;1936;1
1936;1937;1
1937;1938;1
1938;1940;2
1940;1942;2
1942;1943;1
1943;1945;2
1945;1946;1
1946;1947;1
1947;1948;1
1948;1950;2
1950;1952;2
1952;1953;1
1953;1954;1
1954;1956;2
1956;1957;1
1957;1958;1
1958;1960;2
1960;1962;2
1962;1963;1
1963;1964;1
1964;1965;1
1965;1967;2
1967;1968;1
1968;1970;2
1970;1972;2
1972;1973;1
1973;1974;1
1974;1975;1
1975;1976;1
1976;1978;2
1978;1980;2
1980;1982;2
1982;1983;1
1983;1984;1
1984;1985;1
1985;1986;1
1986;1987;1
1987;2013;26
2013;2014;1
2014;2015;1
2015;2016;1
2016;2017;1
2017;2018;1
2018;2019;1
2019;2031;12
2031;2034;3
2034;2035;1
2035;2036;1
2036;2037;1
2037;2038;1
2038;2039;1
2039;2041;2
2041;2043;2
2043;2045;2
2045;2046;1
2046;2047;1
2047;2048;1
2048;2049;1
2049;2051;2
2051;2053;2
2053;2054;1
2054;2056;2
2056;2057;1
2057;2058;1
2058;2059;1
2059;2061;2
2061;2063;2
2063;2064;1
2064;2065;1
2065;2067;2
2067;2068;1
2068;2069;1
2069;2071;2
2071;2073;2
2073;2074;1
2074;2075;1
2075;2076;1
2076;2078;2
2078;2079;1
2079;2081;2
2081;2083;2
2083;2084;1
2084;2085;1
2085;2086;1
2086;2087;1
2087;2089;2
2089;2091;2
2091;2093;2
2093;2094;1
2094;2095;1
2095;2096;1
2096;2097;1
2097;2098;1
2098;2103;5
2103;2104;1
2104;2105;1
2105;2106;1
2106;2107;1
2107;2108;1
2108;2109;1
2109;2130;21
2130;2134;4
2134;2135;1
2135;2136;1
2136;2137;1
2137;2138;1
2138;2139;1
2139;2140;1
2140;2143;3
2143;2145;2
2145;2146;1
2146;2147;1
2147;2148;1
2148;2149;1
2149;2150;1
2150;2153;3
2153;2154;1
2154;2156;2
2156;2157;1
2157;2158;1
2158;2159;1
2159;2160;1
2160;2163;3
2163;2164;1
2164;2165;1
2165;2167;2
2167;2168;1
2168;2169;1
2169;2170;1
2170;2173;3
2173;2174;1
2174;2175;1
2175;2176;1
2176;2178;2
2178;2179;1
2179;2180;1
2180;2183;3
2183;2184;1
2184;2185;1
2185;2186;1
2186;2187;1
2187;2189;2
2189;2190;1
2190;2193;3
2193;2194;1
2194;2195;1
2195;2196;1
2196;2197;1
2197;2198;1
2198;2301;103
2301;2304;3
2304;2305;1
2305;2306;1
2306;2307;1
2307;2308;1
2308;2309;1
2309;2310;1
2310;2314;4
2314;2315;1
2315;2316;1
2316;2317;1
2317;2318;1
2318;2319;1
2319;2340;21
2340;2341;1
2341;2345;4
2345;2346;1
2346;2347;1
2347;2348;1
2348;2349;1
2349;2350;1
2350;2351;1
2351;2354;3
2354;2356;2
2356;2357;1
2357;2358;1
2358;2359;1
2359;2360;1
2360;2361;1
2361;2364;3
2364;2365;1
2365;2367;2
2367;2368;1
2368;2369;1
2369;2370;1
2370;2371;1
2371;2374;3
2374;2375;1
2375;2376;1
2376;2378;2
2378;2379;1
2379;2380;1
2380;2381;1
2381;2384;3
2384;2385;1
2385;2386;1
2386;2387;1
2387;2389;2
2389;2390;1
2390;2391;1
2391;2394;3
2394;2395;1
2395;2396;1
2396;2397;1
2397;2398;1
2398;2401;3
2401;2403;2
2403;2405;2
2405;2406;1
2406;2407;1
2407;2408;1
2408;2409;1
2409;2410;1
2410;2413;3
2413;2415;2
2415;2416;1
2416;2417;1
2417;2418;1
2418;2419;1
2419;2430;11
2430;2431;1
2431;2435;4
2435;2436;1
2436;2437;1
2437;2438;1
2438;2439;1
2439;2450;11
2450;2451;1
2451;2453;2
2453;2456;3
2456;2457;1
2457;2458;1
2458;2459;1
2459;2460;1
2460;2461;1
2461;2463;2
2463;2465;2
2465;2467;2
2467;2468;1
2468;2469;1
2469;2470;1
2470;2471;1
2471;2473;2
2473;2475;2
2475;2476;1
2476;2478;2
2478;2479;1
2479;2480;1
2480;2481;1
2481;2483;2
2483;2485;2
2485;2486;1
2486;2487;1
2487;2489;2
2489;2490;1
2490;2491;1
2491;2493;2
2493;2495;2
2495;2496;1
2496;2497;1
2497;2498;1
2498;2501;3
2501;2503;2
2503;2504;1
2504;2506;2
2506;2507;1
2507;2508;1
2508;2509;1
2509;2510;1
2510;2513;3
2513;2514;1
2514;2516;2
2516;2517;1
2517;2518;1
2518;2519;1
2519;2530;11
2530;2531;1
2531;2534;3
2534;2536;2
2536;2537;1
2537;2538;1
2538;2539;1
2539;2540;1
2540;2541;1
2541;2543;2
2543;2546;3
2546;2547;1
2547;2548;1
2548;2549;1
2549;2560;11
2560;2561;1
2561;2563;2
2563;2564;1
2564;2567;3
2567;2568;1
2568;2569;1
2569;2570;1
2570;2571;1
2571;2573;2
2573;2574;1
2574;2576;2
2576;2578;2
2578;2579;1
2579;2580;1
2580;2581;1
2581;2583;2
2583;2584;1
2584;2586;2
2586;2587;1
2587;2589;2
2589;2590;1
2590;2591;1
2591;2593;2
2593;2594;1
2594;2596;2
2596;2597;1
2597;2598;1
2598;2601;3
2601;2603;2
2603;2604;1
2604;2605;1
2605;2607;2
2607;2608;1
2608;2609;1
2609;2610;1
2610;2613;3
2613;2614;1
2614;2615;1
2615;2617;2
2617;2618;1
2618;2619;1
2619;2630;11
2630;2631;1
2631;2634;3
2634;2635;1
2635;2637;2
2637;2638;1
2638;2639;1
2639;2640;1
2640;2641;1
2641;2643;2
2643;2645;2
2645;2647;2
2647;2648;1
2648;2649;1
2649;2650;1
2650;2651;1
2651;2653;2
2653;2654;1
2654;2657;3
2657;2658;1
2658;2659;1
2659;2670;11
2670;2671;1
2671;2673;2
2673;2674;1
2674;2675;1
2675;2678;3
2678;2679;1
2679;2680;1
2680;2681;1
2681;2683;2
2683;2684;1
2684;2685;1
2685;2687;2
2687;2689;2
2689;2690;1
2690;2691;1
2691;2693;2
2693;2694;1
2694;2695;1
2695;2697;2
2697;2698;1
2698;2701;3
2701;2703;2
2703;2704;1
2704;2705;1
2705;2706;1
2706;2708;2
2708;2709;1
2709;2710;1
2710;2713;3
2713;2714;1
2714;2715;1
2715;2716;1
2716;2718;2
2718;2719;1
2719;2730;11
2730;2731;1
2731;2734;3
2734;2735;1
2735;2736;1
2736;2738;2
2738;2739;1
2739;2740;1
2740;2741;1
2741;2743;2
2743;2745;2
2745;2746;1
2746;2748;2
2748;2749;1
2749;2750;1
2750;2751;1
2751;2753;2
2753;2754;1
2754;2756;2
2756;2758;2
2758;2759;1
2759;2760;1
2760;2761;1
2761;2763;2
2763;2764;1
2764;2765;1
2765;2768;3
2768;2769;1
2769;2780;11
2780;2781;1
2781;2783;2
2783;2784;1
2784;2785;1
2785;2786;1
2786;2789;3
2789;2790;1
2790;2791;1
2791;2793;2
2793;2794;1
2794;2795;1
2795;2796;1
2796;2798;2
2798;2801;3
2801;2803;2
2803;2804;1
2804;2805;1
2805;2806;1
2806;2807;1
2807;2809;2
2809;2810;1
2810;2813;3
2813;2814;1
2814;2815;1
2815;2816;1
2816;2817;1
2817;2819;2
2819;2830;11
2830;2831;1
2831;2834;3
2834;2835;1
2835;2836;1
2836;2837;1
2837;2839;2
2839;2840;1
2840;2841;1
2841;2843;2
2843;2845;2
2845;2846;1
2846;2847;1
2847;2849;2
2849;2850;1
2850;2851;1
2851;2853;2
2853;2854;1
2854;2856;2
2856;2857;1
2857;2859;2
2859;2860;1
2860;2861;1
2861;2863;2
2863;2864;1
2864;2865;1
2865;2867;2
2867;2869;2
2869;2870;1
2870;2871;1
2871;2873;2
2873;2874;1
2874;2875;1
2875;2876;1
2876;2879;3
2879;2890;11
2890;2891;1
2891;2893;2
2893;2894;1
2894;2895;1
2895;2896;1
2896;2897;1
2897;2901;4
2901;2903;2
2903;2904;1
2904;2905;1
2905;2906;1
2906;2907;1
2907;2908;1
2908;2910;2
2910;2913;3
2913;2914;1
2914;2915;1
2915;2916;1
2916;2917;1
2917;2918;1
2918;2930;12
2930;2931;1
2931;2934;3
2934;2935;1
2935;2936;1
2936;2937;1
2937;2938;1
2938;2940;2
2940;2941;1
2941;2943;2
2943;2945;2
2945;2946;1
2946;2947;1
2947;2948;1
2948;2950;2
2950;2951;1
2951;2953;2
2953;2954;1
2954;2956;2
2956;2957;1
2957;2958;1
2958;2960;2
2960;2961;1
2961;2963;2
2963;2964;1
2964;2965;1
2965;2967;2
2967;2968;1
2968;2970;2
2970;2971;1
2971;2973;2
2973;2974;1
2974;2975;1
2975;2976;1
2976;2978;2
2978;2980;2
2980;2981;1
2981;2983;2
2983;2984;1
2984;2985;1
2985;2986;1
2986;2987;1
2987;3012;25
3012;3014;2
3014;3015;1
3015;3016;1
3016;3017;1
3017;3018;1
3018;3019;1
3019;3021;2
3021;3024;3
3024;3025;1
3025;3026;1
3026;3027;1
3027;3028;1
3028;3029;1
3029;3041;12
3041;3042;1
3042;3045;3
3045;3046;1
3046;3047;1
3047;3048;1
3048;3049;1
3049;3051;2
3051;3052;1
3052;3054;2
3054;3056;2
3056;3057;1
3057;3058;1
3058;3059;1
3059;3061;2
3061;3062;1
3062;3064;2
3064;3065;1
3065;3067;2
3067;3068;1
3068;3069;1
3069;3071;2
3071;3072;1
3072;3074;2
3074;3075;1
3075;3076;1
3076;3078;2
3078;3079;1
3079;3081;2
3081;3082;1
3082;3084;2
3084;3085;1
3085;3086;1
3086;3087;1
3087;3089;2
3089;3091;2
3091;3092;1
3092;3094;2
3094;3095;1
3095;3096;1
3096;3097;1
3097;3098;1
3098;3102;4
3102;3104;2
3104;3105;1
3105;3106;1
3106;3107;1
3107;3108;1
3108;3109;1
3109;3120;11
3120;3124;4
3124;3125;1
3125;3126;1
3126;3127;1
3127;3128;1
3128;3129;1
3129;3140;11
3140;3142;2
3142;3145;3
3145;3146;1
3146;3147;1
3147;3148;1
3148;3149;1
3149;3150;1
3150;3152;2
3152;3154;2
3154;3156;2
3156;3157;1
3157;3158;1
3158;3159;1
3159;3160;1
3160;3162;2
3162;3164;2
3164;3165;1
3165;3167;2
3167;3168;1
3168;3169;1
3169;3170;1
3170;3172;2
3172;3174;2
3174;3175;1
3175;3176;1
3176;3178;2
3178;3179;1
3179;3180;1
3180;3182;2
3182;3184;2
3184;3185;1
3185;3186;1
3186;3187;1
3187;3189;2
3189;3190;1
3190;3192;2
3192;3194;2
3194;3195;1
3195;3196;1
3196;3197;1
3197;3198;1
3198;3201;3
3201;3204;3
3204;3205;1
3205;3206;1
3206;3207;1
3207;3208;1
3208;3209;1
3209;3210;1
3210;3214;4
3214;3215;1
3215;3216;1
3216;3217;1
3217;3218;1
3218;3219;1
3219;3240;21
3240;3241;1
3241;3245;4
3245;3246;1
3246;3247;1
3247;3248;1
3248;3249;1
3249;3250;1
3250;3251;1
3251;3254;3
3254;3256;2
3256;3257;1
3257;3258;1
3258;3259;1
3259;3260;1
3260;3261;1
3261;3264;3
3264;3265;1
3265;3267;2
3267;3268;1
3268;3269;1
3269;3270;1
3270;3271;1
3271;3274;3
3274;3275;1
3275;3276;1
3276;3278;2
3278;3279;1
3279;3280;1
3280;3281;1
3281;3284;3
3284;3285;1
3285;3286;1
3286;3287;1
3287;3289;2
3289;3290;1
3290;3291;1
3291;3294;3
3294;3295;1
3295;3296;1
3296;3297;1
3297;3298;1
3298;3401;103
3401;3402;1
3402;3405;3
3405;3406;1
3406;3407;1
3407;3408;1
3408;3409;1
3409;3410;1
3410;3412;2
3412;3415;3
3415;3416;1
3416;3417;1
3417;3418;1
3418;3419;1
3419;3420;1
3420;3421;1
3421;3425;4
3425;3426;1
3426;3427;1
3427;3428;1
3428;3429;1
3429;3450;21
3450;3451;1
3451;3452;1
3452;3456;4
3456;3457;1
3457;3458;1
3458;3459;1
3459;3460;1
3460;3461;1
3461;3462;1
3462;3465;3
3465;3467;2
3467;3468;1
3468;3469;1
3469;3470;1
3470;3471;1
3471;3472;1
3472;3475;3
3475;3476;1
3476;3478;2
3478;3479;1
3479;3480;1
3480;3481;1
3481;3482;1
3482;3485;3
3485;3486;1
3486;3487;1
3487;3489;2
3489;3490;1
3490;3491;1
3491;3492;1
3492;3495;3
3495;3496;1
3496;3497;1
3497;3498;1
3498;3501;3
3501;3502;1
3502;3504;2
3504;3506;2
3506;3507;1
3507;3508;1
3508;3509;1
3509;3510;1
3510;3512;2
3512;3514;2
3514;3516;2
3516;3517;1
3517;3518;1
3518;3519;1
3519;3520;1
3520;3521;1
3521;3524;3
3524;3526;2
3526;3527;1
3527;3528;1
3528;3529;1
3529;3540;11
3540;3541;1
3541;3542;1
3542;3546;4
3546;3547;1
3547;3548;1
3548;3549;1
3549;3560;11
3560;3561;1
3561;3562;1
3562;3564;2
3564;3567;3
3567;3568;1
3568;3569;1
3569;3570;1
3570;3571;1
3571;3572;1
3572;3574;2
3574;3576;2
3576;3578;2
3578;3579;1
3579;3580;1
3580;3581;1
3581;3582;1
3582;3584;2
3584;3586;2
3586;3587;1
3587;3589;2
3589;3590;1
3590;3591;1
3591;3592;1
3592;3594;2
3594;3596;2
3596;3597;1
3597;3598;1
3598;3601;3
3601;3602;1
3602;3604;2
3604;3605;1
3605;3607;2
3607;3608;1
3608;3609;1
3609;3610;1
3610;3612;2
3612;3614;2
3614;3615;1
3615;3617;2
3617;3618;1
3618;3619;1
3619;3620;1
3620;3621;1
3621;3624;3
3624;3625;1
3625;3627;2
3627;3628;1
3628;3629;1
3629;3640;11
3640;3641;1
3641;3642;1
3642;3645;3
3645;3647;2
3647;3648;1
3648;3649;1
3649;3650;1
3650;3651;1
3651;3652;1
3652;3654;2
3654;3657;3
3657;3658;1
3658;3659;1
3659;3670;11
3670;3671;1
3671;3672;1
3672;3674;2
3674;3675;1
3675;3678;3
3678;3679;1
3679;3680;1
3680;3681;1
3681;3682;1
3682;3684;2
3684;3685;1
3685;3687;2
3687;3689;2
3689;3690;1
3690;3691;1
3691;3692;1
3692;3694;2
3694;3695;1
3695;3697;2
3697;3698;1
3698;3701;3
3701;3702;1
3702;3704;2
3704;3705;1
3705;3706;1
3706;3708;2
3708;3709;1
3709;3710;1
3710;3712;2
3712;3714;2
3714;3715;1
3715;3716;1
3716;3718;2
3718;3719;1
3719;3720;1
3720;3721;1
3721;3724;3
3724;3725;1
3725;3726;1
3726;3728;2
3728;3729;1
3729;3740;11
3740;3741;1
3741;3742;1
3742;3745;3
3745;3746;1
3746;3748;2
3748;3749;1
3749;3750;1
3750;3751;1
3751;3752;1
3752;3754;2
3754;3756;2
3756;3758;2
3758;3759;1
3759;3760;1
3760;3761;1
3761;3762;1
3762;3764;2
3764;3765;1
3765;3768;3
3768;3769;1
3769;3780;11
3780;3781;1
3781;3782;1
3782;3784;2
3784;3785;1
3785;3786;1
3786;3789;3
3789;3790;1
3790;3791;1
3791;3792;1
3792;3794;2
3794;3795;1
3795;3796;1
3796;3798;2
3798;3801;3
3801;3802;1
3802;3804;2
3804;3805;1
3805;3806;1
3806;3807;1
3807;3809;2
3809;3810;1
3810;3812;2
3812;3814;2
3814;3815;1
3815;3816;1
3816;3817;1
3817;3819;2
3819;3820;1
3820;3821;1
3821;3824;3
3824;3825;1
3825;3826;1
3826;3827;1
3827;3829;2
3829;3840;11
3840;3841;1
3841;3842;1
3842;3845;3
3845;3846;1
3846;3847;1
3847;3849;2
3849;3850;1
3850;3851;1
3851;3852;1
3852;3854;2
3854;3856;2
3856;3857;1
3857;3859;2
3859;3860;1
3860;3861;1
3861;3862;1
3862;3864;2
3864;3865;1
3865;3867;2
3867;3869;2
3869;3870;1
3870;3871;1
3871;3872;1
3872;3874;2
3874;3875;1
3875;3876;1
3876;3879;3
3879;3890;11
3890;3891;1
3891;3892;1
3892;3894;2
3894;3895;1
3895;3896;1
3896;3897;1
3897;3901;4
3901;3902;1
3902;3904;2
3904;3905;1
3905;3906;1
3906;3907;1
3907;3908;1
3908;3910;2
3910;3912;2
3912;3914;2
3914;3915;1
3915;3916;1
3916;3917;1
3917;3918;1
3918;3920;2
3920;3921;1
3921;3924;3
3924;3925;1
3925;3926;1
3926;3927;1
3927;3928;1
3928;3940;12
3940;3941;1
3941;3942;1
3942;3945;3
3945;3946;1
3946;3947;1
3947;3948;1
3948;3950;2
3950;3951;1
3951;3952;1
3952;3954;2
3954;3956;2
3956;3957;1
3957;3958;1
3958;3960;2
3960;3961;1
3961;3962;1
3962;3964;2
3964;3965;1
3965;3967;2
3967;3968;1
3968;3970;2
3970;3971;1
3971;3972;1
3972;3974;2
3974;3975;1
3975;3976;1
3976;3978;2
3978;3980;2
3980;3981;1
3981;3982;1
3982;3984;2
3984;3985;1
3985;3986;1
3986;3987;1
3987;4012;25
4012;4013;1
4013;4015;2
4015;4016;1
4016;4017;1
4017;4018;1
4018;4019;1
4019;4021;2
4021;4023;2
4023;4025;2
4025;4026;1
4026;4027;1
4027;4028;1
4028;4029;1
4029;4031;2
4031;4032;1
4032;4035;3
4035;4036;1
4036;4037;1
4037;4038;1
4038;4039;1
4039;4051;12
4051;4052;1
4052;4053;1
4053;4056;3
4056;4057;1
4057;4058;1
4058;4059;1
4059;4061;2
4061;4062;1
4062;4063;1
4063;4065;2
4065;4067;2
4067;4068;1
4068;4069;1
4069;4071;2
4071;4072;1
4072;4073;1
4073;4075;2
4075;4076;1
4076;4078;2
4078;4079;1
4079;4081;2
4081;4082;1
4082;4083;1
4083;4085;2
4085;4086;1
4086;4087;1
4087;4089;2
4089;4091;2
4091;4092;1
4092;4093;1
4093;4095;2
4095;4096;1
4096;4097;1
4097;4098;1
4098;4102;4
4102;4103;1
4103;4105;2
4105;4106;1
4106;4107;1
4107;4108;1
4108;4109;1
4109;4120;11
4120;4123;3
4123;4125;2
4125;4126;1
4126;4127;1
4127;4128;1
4128;4129;1
4129;4130;1
4130;4132;2
4132;4135;3
4135;4136;1
4136;4137;1
4137;4138;1
4138;4139;1
4139;4150;11
4150;4152;2
4152;4153;1
4153;4156;3
4156;4157;1
4157;4158;1
4158;4159;1
4159;4160;1
4160;4162;2
4162;4163;1
4163;4165;2
4165;4167;2
4167;4168;1
4168;4169;1
4169;4170;1
4170;4172;2
4172;4173;1
4173;4175;2
4175;4176;1
4176;4178;2
4178;4179;1
4179;4180;1
4180;4182;2
4182;4183;1
4183;4185;2
4185;4186;1
4186;4187;1
4187;4189;2
4189;4190;1
4190;4192;2
4192;4193;1
4193;4195;2
4195;4196;1
4196;4197;1
4197;4198;1
4198;4201;3
4201;4203;2
4203;4205;2
4205;4206;1
4206;4207;1
4207;4208;1
4208;4209;1
4209;4210;1
4210;4213;3
4213;4215;2
4215;4216;1
4216;4217;1
4217;4218;1
4218;4219;1
4219;4230;11
4230;4231;1
4231;4235;4
4235;4236;1
4236;4237;1
4237;4238;1
4238;4239;1
4239;4250;11
4250;4251;1
4251;4253;2
4253;4256;3
4256;4257;1
4257;4258;1
4258;4259;1
4259;4260;1
4260;4261;1
4261;4263;2
4263;4265;2
4265;4267;2
4267;4268;1
4268;4269;1
4269;4270;1
4270;4271;1
4271;4273;2
4273;4275;2
4275;4276;1
4276;4278;2
4278;4279;1
4279;4280;1
4280;4281;1
4281;4283;2
4283;4285;2
4285;4286;1
4286;4287;1
4287;4289;2
4289;4290;1
4290;4291;1
4291;4293;2
4293;4295;2
4295;4296;1
4296;4297;1
4297;4298;1
4298;4301;3
4301;4302;1
4302;4305;3
4305;4306;1
4306;4307;1
4307;4308;1
4308;4309;1
4309;4310;1
4310;4312;2
4312;4315;3
4315;4316;1
4316;4317;1
4317;4318;1
4318;4319;1
4319;4320;1
4320;4321;1
4321;4325;4
4325;4326;1
4326;4327;1
4327;4328;1
4328;4329;1
4329;4350;21
4350;4351;1
4351;4352;1
4352;4356;4
4356;4357;1
4357;4358;1
4358;4359;1
4359;4360;1
4360;4361;1
4361;4362;1
4362;4365;3
4365;4367;2
4367;4368;1
4368;4369;1
4369;4370;1
4370;4371;1
4371;4372;1
4372;4375;3
4375;4376;1
4376;4378;2
4378;4379;1
4379;4380;1
4380;4381;1
4381;4382;1
4382;4385;3
4385;4386;1
4386;4387;1
4387;4389;2
4389;4390;1
4390;4391;1
4391;4392;1
4392;4395;3
4395;4396;1
4396;4397;1
4397;4398;1
4398;4501;103
4501;4502;1
4502;4503;1
4503;4506;3
4506;4507;1
4507;4508;1
4508;4509;1
4509;4510;1
4510;4512;2
4512;4513;1
4513;4516;3
4516;4517;1
4517;4518;1
4518;4519;1
4519;4520;1
4520;4521;1
4521;4523;2
4523;4526;3
4526;4527;1
4527;4528;1
4528;4529;1
4529;4530;1
4530;4531;1
4531;4532;1
4532;4536;4
4536;4537;1
4537;4538;1
4538;4539;1
4539;4560;21
4560;4561;1
4561;4562;1
4562;4563;1
4563;4567;4
4567;4568;1
4568;4569;1
4569;4570;1
4570;4571;1
4571;4572;1
4572;4573;1
4573;4576;3
4576;4578;2
4578;4579;1
4579;4580;1
4580;4581;1
4581;4582;1
4582;4583;1
4583;4586;3
4586;4587;1
4587;4589;2
4589;4590;1
4590;4591;1
4591;4592;1
4592;4593;1
4593;4596;3
4596;4597;1
4597;4598;1
4598;4601;3
4601;4602;1
4602;4603;1
4603;4605;2
4605;4607;2
4607;4608;1
4608;4609;1
4609;4610;1
4610;4612;2
4612;4613;1
4613;4615;2
4615;4617;2
4617;4618;1
4618;4619;1
4619;4620;1
4620;4621;1
4621;4623;2
4623;4625;2
4625;4627;2
4627;4628;1
4628;4629;1
4629;4630;1
4630;4631;1
4631;4632;1
4632;4635;3
4635;4637;2
4637;4638;1
4638;4639;1
4639;4650;11
4650;4651;1
4651;4652;1
4652;4653;1
4653;4657;4
4657;4658;1
4658;4659;1
4659;4670;11
4670;4671;1
4671;4672;1
4672;4673;1
4673;4675;2
4675;4678;3
4678;4679;1
4679;4680;1
4680;4681;1
4681;4682;1
4682;4683;1
4683;4685;2
4685;4687;2
4687;4689;2
4689;4690;1
4690;4691;1
4691;4692;1
4692;4693;1
4693;4695;2
4695;4697;2
4697;4698;1
4698;4701;3
4701;4702;1
4702;4703;1
4703;4705;2
4705;4706;1
4706;4708;2
4708;4709;1
4709;4710;1
4710;4712;2
4712;4713;1
4713;4715;2
4715;4716;1
4716;4718;2
4718;4719;1
4719;4720;1
4720;4721;1
4721;4723;2
4723;4725;2
4725;4726;1
4726;4728;2
4728;4729;1
4729;4730;1
4730;4731;1
4731;4732;1
4732;4735;3
4735;4736;1
4736;4738;2
4738;4739;1
4739;4750;11
4750;4751;1
4751;4752;1
4752;4753;1
4753;4756;3
4756;4758;2
4758;4759;1
4759;4760;1
4760;4761;1
4761;4762;1
4762;4763;1
4763;4765;2
4765;4768;3
4768;4769;1
4769;4780;11
4780;4781;1
4781;4782;1
4782;4783;1
4783;4785;2
4785;4786;1
4786;4789;3
4789;4790;1
4790;4791;1
4791;4792;1
4792;4793;1
4793;4795;2
4795;4796;1
4796;4798;2
4798;4801;3
4801;4802;1
4802;4803;1
4803;4805;2
4805;4806;1
4806;4807;1
4807;4809;2
4809;4810;1
4810;4812;2
4812;4813;1
4813;4815;2
4815;4816;1
4816;4817;1
4817;4819;2
4819;4820;1
4820;4821;1
4821;4823;2
4823;4825;2
4825;4826;1
4826;4827;1
4827;4829;2
4829;4830;1
4830;4831;1
4831;4832;1
4832;4835;3
4835;4836;1
4836;4837;1
4837;4839;2
4839;4850;11
4850;4851;1
4851;4852;1
4852;4853;1
4853;4856;3
4856;4857;1
4857;4859;2
4859;4860;1
4860;4861;1
4861;4862;1
4862;4863;1
4863;4865;2
4865;4867;2
4867;4869;2
4869;4870;1
4870;4871;1
4871;4872;1
4872;4873;1
4873;4875;2
4875;4876;1
4876;4879;3
4879;4890;11
4890;4891;1
4891;4892;1
4892;4893;1
4893;4895;2
4895;4896;1
4896;4897;1
4897;4901;4
4901;4902;1
4902;4903;1
4903;4905;2
4905;4906;1
4906;4907;1
4907;4908;1
4908;4910;2
4910;4912;2
4912;4913;1
4913;4915;2
4915;4916;1
4916;4917;1
4917;4918;1
4918;4920;2
4920;4921;1
4921;4923;2
4923;4925;2
4925;4926;1
4926;4927;1
4927;4928;1
4928;4930;2
4930;4931;1
4931;4932;1
4932;4935;3
4935;4936;1
4936;4937;1
4937;4938;1
4938;4950;12
4950;4951;1
4951;4952;1
4952;4953;1
4953;4956;3
4956;4957;1
4957;4958;1
4958;4960;2
4960;4961;1
4961;4962;1
4962;4963;1
4963;4965;2
4965;4967;2
4967;4968;1
4968;4970;2
4970;4971;1
4971;4972;1
4972;4973;1
4973;4975;2
4975;4976;1
4976;4978;2
4978;4980;2
4980;4981;1
4981;4982;1
4982;4983;1
4983;4985;2
4985;4986;1
4986;4987;1
4987;5012;25
5012;5013;1
5013;5014;1
5014;5016;2
5016;5017;1
5017;5018;1
5018;5019;1
5019;5021;2
5021;5023;2
5023;5024;1
5024;5026;2
5026;5027;1
5027;5028;1
5028;5029;1
5029;5031;2
5031;5032;1
5032;5034;2
5034;5036;2
5036;5037;1
5037;5038;1
5038;5039;1
5039;5041;2
5041;5042;1
5042;5043;1
5043;5046;3
5046;5047;1
5047;5048;1
5048;5049;1
5049;5061;12
5061;5062;1
5062;5063;1
5063;5064;1
5064;5067;3
5067;5068;1
5068;5069;1
5069;5071;2
5071;5072;1
5072;5073;1
5073;5074;1
5074;5076;2
5076;5078;2
5078;5079;1
5079;5081;2
5081;5082;1
5082;5083;1
5083;5084;1
5084;5086;2
5086;5087;1
5087;5089;2
5089;5091;2
5091;5092;1
5092;5093;1
5093;5094;1
5094;5096;2
5096;5097;1
5097;5098;1
5098;5102;4
5102;5103;1
5103;5104;1
5104;5106;2
5106;5107;1
5107;5108;1
5108;5109;1
5109;5120;11
5120;5123;3
5123;5124;1
5124;5126;2
5126;5127;1
5127;5128;1
5128;5129;1
5129;5130;1
5130;5132;2
5132;5134;2
5134;5136;2
5136;5137;1
5137;5138;1
5138;5139;1
5139;5140;1
5140;5142;2
5142;5143;1
5143;5146;3
5146;5147;1
5147;5148;1
5148;5149;1
5149;5160;11
5160;5162;2
5162;5163;1
5163;5164;1
5164;5167;3
5167;5168;1
5168;5169;1
5169;5170;1
5170;5172;2
5172;5173;1
5173;5174;1
5174;5176;2
5176;5178;2
5178;5179;1
5179;5180;1
5180;5182;2
5182;5183;1
5183;5184;1
5184;5186;2
5186;5187;1
5187;5189;2
5189;5190;1
5190;5192;2
5192;5193;1
5193;5194;1
5194;5196;2
5196;5197;1
5197;5198;1
5198;5201;3
5201;5203;2
5203;5204;1
5204;5206;2
5206;5207;1
5207;5208;1
5208;5209;1
5209;5210;1
5210;5213;3
5213;5214;1
5214;5216;2
5216;5217;1
5217;5218;1
5218;5219;1
5219;5230;11
5230;5231;1
5231;5234;3
5234;5236;2
5236;5237;1
5237;5238;1
5238;5239;1
5239;5240;1
5240;5241;1
5241;5243;2
5243;5246;3
5246;5247;1
5247;5248;1
5248;5249;1
5249;5260;11
5260;5261;1
5261;5263;2
5263;5264;1
5264;5267;3
5267;5268;1
5268;5269;1
5269;5270;1
5270;5271;1
5271;5273;2
5273;5274;1
5274;5276;2
5276;5278;2
5278;5279;1
5279;5280;1
5280;5281;1
5281;5283;2
5283;5284;1
5284;5286;2
5286;5287;1
5287;5289;2
5289;5290;1
5290;5291;1
5291;5293;2
5293;5294;1
5294;5296;2
5296;5297;1
5297;5298;1
5298;5301;3
5301;5302;1
5302;5304;2
5304;5306;2
5306;5307;1
5307;5308;1
5308;5309;1
5309;5310;1
5310;5312;2
5312;5314;2
5314;5316;2
5316;5317;1
5317;5318;1
5318;5319;1
5319;5320;1
5320;5321;1
5321;5324;3
5324;5326;2
5326;5327;1
5327;5328;1
5328;5329;1
5329;5340;11
5340;5341;1
5341;5342;1
5342;5346;4
5346;5347;1
5347;5348;1
5348;5349;1
5349;5360;11
5360;5361;1
5361;5362;1
5362;5364;2
5364;5367;3
5367;5368;1
5368;5369;1
5369;5370;1
5370;5371;1
5371;5372;1
5372;5374;2
5374;5376;2
5376;5378;2
5378;5379;1
5379;5380;1
5380;5381;1
5381;5382;1
5382;5384;2
5384;5386;2
5386;5387;1
5387;5389;2
5389;5390;1
5390;5391;1
5391;5392;1
5392;5394;2
5394;5396;2
5396;5397;1
5397;5398;1
5398;5401;3
5401;5402;1
5402;5403;1
5403;5406;3
5406;5407;1
5407;5408;1
5408;5409;1
5409;5410;1
5410;5412;2
5412;5413;1
5413;5416;3
5416;5417;1
5417;5418;1
5418;5419;1
5419;5420;1
5420;5421;1
5421;5423;2
5423;5426;3
5426;5427;1
5427;5428;1
5428;5429;1
5429;5430;1
5430;5431;1
5431;5432;1
5432;5436;4
5436;5437;1
5437;5438;1
5438;5439;1
5439;5460;21
5460;5461;1
5461;5462;1
5462;5463;1
5463;5467;4
5467;5468;1
5468;5469;1
5469;5470;1
5470;5471;1
5471;5472;1
5472;5473;1
5473;5476;3
5476;5478;2
5478;5479;1
5479;5480;1
5480;5481;1
5481;5482;1
5482;5483;1
5483;5486;3
5486;5487;1
5487;5489;2
5489;5490;1
5490;5491;1
5491;5492;1
5492;5493;1
5493;5496;3
5496;5497;1
5497;5498;1
